Abbeville,Alabama,tbarnes@cityofabbeville.org;adankert@cityofabbeville.org;alovett@cityofabbeville.org;af1chief@comcast.net
Adamsville,Alabama,
Mason,Michigan,info@mason.mi.us;info@mason.mi.us;info@mason.mi.us
Masonville,Michigan,
Mattawan,Michigan,offices@mattawanmi.com;offices@mattawanmi.com
Matteson,Michigan,
Mayfield,Michigan,
Mayfield,Michigan,
McKinley,Michigan,
McMillan,Michigan,
Mecosta,Michigan,
Medina,Michigan,steve.scherer@medinamn.gov;city@medinamn.gov;police@medinamn.gov
Mellen,Michigan,
Melrose,Michigan,
Anniston,Alabama,ahughes@annistonal.gov;citymanager@annistonal.gov
Arab,Alabama,hstone@arabcity.org;shelton@arabcity.org
Ardmore,Alabama,
Argo,Alabama,
Ashford,Alabama,
Ashland,Alabama,ashlandcity1871@outlook.com;ashlandcourtclerk@outlook.com
Ashville,Alabama,
Athens,Alabama,
Atmore,Alabama,alex.jones@unitedbank.com
Abbeville,Alabama,tbarnes@cityofabbeville.org;adankert@cityofabbeville.org;alovett@cityofabbeville.org;af1chief@comcast.net
Adamsville,Alabama,
Abbeville,Alabama,tbarnes@cityofabbeville.org;adankert@cityofabbeville.org;alovett@cityofabbeville.org;af1chief@comcast.net
Adamsville,Alabama,
Mason,Michigan,info@mason.mi.us;info@mason.mi.us;info@mason.mi.us
Masonville,Michigan,
Abbeville,Alabama,tbarnes@cityofabbeville.org;adankert@cityofabbeville.org;alovett@cityofabbeville.org;af1chief@comcast.net
Adamsville,Alabama,
Mason,Michigan,info@mason.mi.us;info@mason.mi.us;info@mason.mi.us
Masonville,Michigan,
Mattawan,Michigan,offices@mattawanmi.com;offices@mattawanmi.com
Matteson,Michigan,
Mayfield,Michigan,
Mayfield,Michigan,
McKinley,Michigan,
McMillan,Michigan,
Mecosta,Michigan,
Medina,Michigan,steve.scherer@medinamn.gov;city@medinamn.gov;police@medinamn.gov
Mellen,Michigan,
Melrose,Michigan,
Anniston,Alabama,ahughes@annistonal.gov;citymanager@annistonal.gov
Arab,Alabama,hstone@arabcity.org;shelton@arabcity.org
Ardmore,Alabama,
Argo,Alabama,
Ashford,Alabama,
Ashland,Alabama,ashlandcity1871@outlook.com;ashlandcourtclerk@outlook.com
Abbeville,Alabama,tbarnes@cityofabbeville.org;adankert@cityofabbeville.org;alovett@cityofabbeville.org;af1chief@comcast.net
Adamsville,Alabama,
Mason,Michigan,info@mason.mi.us;info@mason.mi.us;info@mason.mi.us
Masonville,Michigan,
Mattawan,Michigan,offices@mattawanmi.com;offices@mattawanmi.com
Matteson,Michigan,
Mayfield,Michigan,
Mayfield,Michigan,
McKinley,Michigan,
McMillan,Michigan,
Mecosta,Michigan,
Medina,Michigan,steve.scherer@medinamn.gov;city@medinamn.gov;police@medinamn.gov
Mellen,Michigan,
Abbeville,Alabama,tbarnes@cityofabbeville.org;adankert@cityofabbeville.org;alovett@cityofabbeville.org;af1chief@comcast.net
Adamsville,Alabama,
Mason,Michigan,info@mason.mi.us;info@mason.mi.us;info@mason.mi.us
Masonville,Michigan,
Mattawan,Michigan,offices@mattawanmi.com;offices@mattawanmi.com
Matteson,Michigan,
