Jamaica,Vermont,https://www.jamaicavermont.org/
Jericho,Vermont,https://www.essexvt.org/189/Public-Works
Johnson,Vermont,https://www.manta.com/c/mbstnwk/johnson-public-works-department
Leicester,Vermont,https://www.leicestervt.org/
Lincoln,Vermont,http://lincolnvermont.org/town-office/clerk-services/
Londonderry,Vermont,http://www.londonderryvt.org/
Ludlow,Vermont,https://www.ludlow.vt.us/
Lunenburg,Vermont,https://www.nvda.net/lunenburg.php
Lyndon,Vermont,https://www.lyndonvt.org/
Manchester,Vermont,https://manchester-vt.gov/departments/
Marlboro,Vermont,https://marlborovt.us/
Marshfield,Vermont,https://marshfieldvt.gov/
Mendon,Vermont,https://www.mendonvt.org/town-departments/
Middlebury,Vermont,http://www.townofmiddlebury.org/town_departments_services_staff/public_works_(highway_water_wastewater)/index.php
Middlesex,Vermont,https://middlesexvermont.org/town-departments/public-works/
Milton,Vermont,https://www.miltonvt.gov/159/Public-Works
Monkton,Vermont,http://monktonvt.com/town-services/highway-department/
Montgomery,Vermont,https://montgomeryvt.us/groups/gov/public-works/
Montpelier,Vermont,https://www.montpelier-vt.org/167/Public-Works
Moretown,Vermont,https://www.moretownvt.org/town-departments/highway-department/
Morristown,Vermont,https://morristownvt.org/highway
Mount Holly,Vermont,http://www.mounthollyvt.org/town-services/town-office/
New Haven,Vermont,https://www.newhavenvt.com/
Newbury,Vermont,https://www.newburyvt.org/
Newfane,Vermont,https://newfanevt.com/town-directory/
Newport,Vermont,https://www.newportvermont.org/city-information/public-works/
Newport,Vermont,https://www.newportvermont.org/city-information/public-works/
Northfield,Vermont,https://www.northfield-vt.gov/highway-department
Norwich,Vermont,http://norwich.vt.us/public-works/
Orange,Vermont,https://orangevt.org/
Orwell,Vermont,https://townoforwellvt.org/
Pawlet,Vermont,https://pawlet.vt.gov/town-goverment/
Pittsford,Vermont,https://pittsfordvermont.com/departments/water-and-sewer-department/
Plainfield,Vermont,https://www.plainfieldvt.us/town-office.html
Poultney,Vermont,https://www.poultney.vt.gov/index.asp?SEC=8498B074-321E-494F-8B99-3DD0DA214A5E&Type=B_BASIC
Pownal,Vermont,https://www.townofpownal.org/
Proctor,Vermont,https://proctorvermont.com/
Putney,Vermont,https://www.putneyvt.org/
Randolph,Vermont,https://randolphvt.org/index.asp?SEC=C891DE5E-D15B-4C91-BAC2-0C5453209B04
Richford,Vermont,https://www.richfordvt.org/departments/boards/departments/public_works.php
Richmond,Vermont,http://www.richmondvt.gov/departments/highway-department/
Rochester,Vermont,http://rochestervermont.org/departments/
Rockingham,Vermont,https://legacy.rockbf.org/?SEC=4C695773-558C-4EE8-A92A-6579A1ED4F8C
Royalton,Vermont,https://royaltonvt.com/services/
Rutland,Vermont,https://www.rutlandcity.org
Rutland,Vermont,https://www.rutlandcity.org/?SEC=6612338E-5437-4B10-B2DE-CDD85BE76618
Ryegate,Vermont,http://www.ryegatevt.org/
Salisbury,Vermont,https://www.townofsalisbury.org/
Shaftsbury,Vermont,https://shaftsburyvt.gov/town-officials/public-works-department/
Sharon,Vermont,https://sharonvt.net/
Shelburne,Vermont,https://www.shelburnevt.org/153/Departments
Sheldon,Vermont,https://sheldonvt.com/publicworks
Shoreham,Vermont,https://www.countyoffice.org/shoreham-town-clerk-shoreham-vt-9d6/
Shrewsbury,Vermont,https://shrewsburyvt.org/
South Burlington,Vermont,https://www.southburlingtonvt.gov/departments/public_works/index.php
South Hero,Vermont,https://southherovt.org/
Springfield,Vermont,https://springfieldvt.gov
St. Albans,Vermont,https://www.stalbansvt.com/publicworks
St. Albans,Vermont,https://www.stalbansvt.com/publicworks
St. Johnsbury,Vermont,https://www.stjvt.com/st-johnsbury-vt-department-of-public-works
Starksboro,Vermont,https://outside.vermont.gov/agency/ACCD/bylaws/mpgprojectexamples/CPR-MPG-FinalProduct-Starksboro-FY17.pdf
Stowe,Vermont,http://www.townofstowevt.org/?SEC=034C7F00-2BC9-4798-BA93-D9AD1473E1A7
Strafford,Vermont,https://www.straffordvt.org/
Sutton,Vermont,http://suttonvt.org/
Swanton,Vermont,http://www.swantonvillage.org/publicworks/
Thetford,Vermont,https://www.thetfordvt.gov/departments/public-works
Topsham,Vermont,https://www.townoftopshamvt.org/town
Townshend,Vermont,http://www.unofficialtownshendvt.net/CONTACT/DETAILED/detailed.html
Troy,Vermont,https://troyvt.org/
Tunbridge,Vermont,http://tunbridgevt.org/
Underhill,Vermont,https://www.underhillvt.gov/index.asp?Type=B_BASIC&SEC=%7B0537AC30-6019-45C3-AEEF-15CC96021348%7D
Vergennes,Vermont,https://www.vergennes.org/departments/public_works.php
Vernon,Vermont,https://vernonvt.org/town-clerks-office/
Waitsfield,Vermont,https://www.waitsfieldvt.us/departments-services/
Wallingford,Vermont,https://www.wallingfordvt.com/
Warren,Vermont,https://www.warrenvt.org/departments/public-works/
Washington,Vermont,https://www.countyoffice.org/vt-washington-county-public-works/
Waterbury,Vermont,https://www.waterburyvt.com/departments/works
Waterford,Vermont,http://www.waterfordvt.org/
Weathersfield,Vermont,https://www.weathersfieldvt.org/highway-department
Wells,Vermont,https://wellsvt.com/
West Rutland,Vermont,https://www.westrutlandvt.org/water-sewer/
West Windsor,Vermont,https://westwindsorvt.govoffice2.com/
Westford,Vermont,https://westfordvt.us/administration/highway-department/
Westminster,Vermont,https://www.westminstervt.org/departments/highway/
Whitingham,Vermont,http://www.whitinghamvt.org/departments/public-works-highway-department
Williamstown,Vermont,http://williamstownvt.org/contact-us/
Williston,Vermont,https://www.town.williston.vt.us/index.asp?SEC=35F86114-184C-43B6-8662-097D2943CD1D&Type=B_BASIC
Wilmington,Vermont,https://wilmingtonvermont.us/departments/
Windsor,Vermont,http://www.windsorvt.org/contact
Winooski,Vermont,https://www.winooskivt.gov/170/Public-Works
Wolcott,Vermont,http://www.wolcottvt.org/departments/
Woodstock,Vermont,https://townofwoodstock.org/departments/public-works/
Abingdon,Virginia,https://abingdon-va.gov/featured/departments/public-services/
Altavista,Virginia,https://www.altavistava.gov/government/town_departments/public_works/index.php
Amherst,Virginia,https://www.countyofamherst.com/department/index.php?structureid=22
Appalachia,Virginia,https://www.townofappalachiava.us/contact
Appomattox,Virginia,https://townofappomattox.com/public-works/
Ashland,Virginia,https://www.ashlandva.gov/195/Public-Works
Bedford,Virginia,https://www.bedfordva.gov/1185/Public-Works
Berryville,Virginia,https://www.berryvilleva.gov/2176/Public-Works
Big Stone Gap,Virginia,https://www.countyoffice.org/big-stone-gap-public-works-big-stone-gap-va-723/
Blacksburg,Virginia,https://www.blacksburg.gov/departments/departments-l-z/public-works
Blackstone,Virginia,https://www.countyoffice.org/blackstone-public-works-blackstone-va-72c/
Bluefield,Virginia,https://www.cityofbluefield.com/publicworks
Bowling Green,Virginia,https://www.townofbowlinggreen.com/publicworks/custom-contact-page/public-works-contact-information
Bridgewater,Virginia,https://www.bridgewater.town/administration/public_works/index.php
Broadway,Virginia,https://www.town.broadway.va.us/department-contacts.html
Brookneal,Virginia,https://www.townofbrookneal.com/info/town-contact-information.html
Buchanan,Virginia,https://www.townofbuchanan.com/for-services.php
Cape Charles,Virginia,https://www.capecharles.org/pview.aspx?id=9688&catid=0
Cedar Bluff,Virginia,https://www.thecountyoffice.com/cedar-bluff-va-public-works-utilities/
Chase City,Virginia,https://www.chasecity.org/the-town
Chatham,Virginia,https://www.pittsylvaniacountyva.gov
Chilhowie,Virginia,https://chilhowie.org/public-works-director/
Chincoteague,Virginia,https://chincoteague-va.gov/public-works/
Christiansburg,Virginia,https://www.christiansburg.org/publicworks
Clarksville,Virginia,https://www.townofclarksville.com/departments/public-works/
Clifton Forge,Virginia,https://www.cliftonforgeva.gov/town-departments/public-works-department/
Clintwood,Virginia,https://townofclintwood.com/town-services
Coeburn,Virginia,https://heraldcourier.com/_services/v1/client_captcha/challenge?request=X2xiX3JhdGVfZm9yZWlnbjpMMjVsZDNNdmJHOWpZV3d2ZEc5M2JpMTBZV3RsY3kxdmRtVnlMV052WldKMWNtNXpMWEIxWW14cFl5MTNiM0pyY3kxa1pYQmhjblJ0Wlc1MEwyRnlkR2xqYkdWZk5UWTVaR1k1T0RJdFkyTXlPUzB4TVdVekxXSXhZamN0TURBeE4yRTBNMkl5TXpjd0xtaDBiV3c6MTYzMjA1ODI3NDoweDQ5OGIxOGM5NWUyNTIwZjdlYjA5ZjZiOTRmNmU1NzQyNDFmOWYzMzM
Colonial Beach,Virginia,"https://colonialbeachva.net/public-works/#:~:text=The%20mission%20of%20the%20Department,comprehensive%20and%20revitalization%20planning%20initiatives."
Courtland,Virginia,https://www.southamptoncounty.org/departments/public_utilities/index.php
Crewe,Virginia,https://www.countyoffice.org/crewe-public-works-crewe-va-510/
Culpeper,Virginia,https://www.culpeperva.gov/government/public_services/public_works/index.php
Dayton,Virginia,https://www.daytonva.us/public-works
Dublin,Virginia,https://www.pulaskicounty.org/utilities-psa.html
Dumfries,Virginia,https://www.dumfriesva.gov/government/departments/public_works/index.php
Edinburg,Virginia,https://www.thecountyoffice.com/edinburg-va-public-works-utilities/
Elkton,Virginia,https://www.elktonva.gov/public-works
Exmore,Virginia,https://www.exmore.org/public-works-open-house/
Farmville,Virginia,https://farmvilleva.com/departments/public-works/
Front Royal,Virginia,https://www.frontroyalva.com/200/Public-Works
Gate City,Virginia,https://www.mygatecity.com/portfolio_category/public-works/
Glade Spring,Virginia,https://gladespringva.org/index.asp?Type=B_BASIC&SEC=%7B9151218C-AD57-4AA7-8490-54968A899C91%7D
Glasgow,Virginia,https://glasgowvirginia.org/public-works
Gordonsville,Virginia,https://www.townofgordonsville.org/government/departments/public_works/index.php
Gretna,Virginia,https://www.townofgretna.org/government/town-staff/public-works
Grottoes,Virginia,https://www.ci.grottoes.va.us/services
Halifax,Virginia,https://www.halifaxcountyva.gov/index.asp?Type=B_DIR&SEC=%7B3759A039-4119-4AF5-A661-AD77A7CE6EFA%7D
Haymarket,Virginia,https://www.townofhaymarket.org/publicworks
Herndon,Virginia,https://www.herndon-va.gov/departments/public-works
Hillsville,Virginia,https://www.townofhillsville.com/
Honaker,Virginia,https://www.russellcountyva.us/185/Honaker
Hurt,Virginia,https://www.townofhurtva.gov/public-works
Kenbridge,Virginia,https://kenbridgeva.net/
Kilmarnock,Virginia,https://www.kilmarnockva.com/in-town-services/
Lawrenceville,Virginia,https://lawrencevilleweb.us/
Lebanon,Virginia,https://lebanonva.net/government/departments/
Leesburg,Virginia,https://www.leesburgva.gov/departments/public-works
Louisa,Virginia,https://www.louisacounty.com/215/General-Services-Recycling
Lovettsville,Virginia,https://www.lovettsvilleva.gov/services/public-works/
Luray,Virginia,https://www.townofluray.com/town-services.html
Marion,Virginia,https://www.marionva.org/public-works
Middletown,Virginia,https://www.middletownva.gov/newsite/frequently-asked-questions/
Mount Jackson,Virginia,https://www.mountjackson.com/town-council-and-government/mount-jackson-public-works/
Narrows,Virginia,https://townofnarrows.org/public-works/
New Market,Virginia,https://www.newmarketvirginia.com/government/town-departments/public-works/
Occoquan,Virginia,https://orangecountyva.gov/347/Public-Works
Onancock,Virginia,https://www.onancock.com/publicworks
Orange,Virginia,https://www.townoforangeva.org/60/Public-Works
Pearisburg,Virginia,https://www.pearisburg.org/how_do_i/contact_us/public_works.php
Pembroke,Virginia,http://pembrokeva.org/?page_id=60
Pennington Gap,Virginia,https://townofpenningtonva.gov/?lsvr_listing=public-works
Pulaski,Virginia,https://www.pulaskitown.org/government/departments/public_works
Purcellville,Virginia,https://www.purcellvilleva.gov/399/Public-Works
Richlands,Virginia,https://www.town.richlands.va.us/services/services.html
Rocky Mount,Virginia,https://www.rockymountva.org/public-works
Rural Retreat,Virginia,https://www.townofruralretreat.com/departments/public_works.php
Saltville,Virginia,https://www.saltville.org/contact
Shenandoah,Virginia,https://www.nps.gov/shen/index.htm
Smithfield,Virginia,https://www.smithfieldva.gov/departments/public-works-&-utilities/
South Boston,Virginia,https://www.southboston.com/departments/public_works/index.php
South Hill,Virginia,https://www.southhillva.org
Stanley,Virginia,https://townofstanley.com/contact-us/contact-town-of-stanley/
Stephens City,Virginia,http://stephenscity.vi.virginia.gov/public-works.shtml
Strasburg,Virginia,https://www.strasburgva.com/publicworks/page/department-public-works
Stuart,Virginia,https://townofstuartva.com/utilities/
Tappahannock,Virginia,http://www.essex-virginia.org/county_government/departments_and_services
Tazewell,Virginia,https://www.townoftazewell.org/public-works/
Timberville,Virginia,https://www.townoftimberville.com/departments/public_works.php
Victoria,Virginia,https://victoriava.net/water-and-sewer-utilities
Vienna,Virginia,https://www.viennava.gov/your-government/town-departments-at-your-service/public-works
Vinton,Virginia,https://www.vintonva.gov/20/Public-Works
Warrenton,Virginia,https://www.warrentonva.gov/government/departments/public_utilities/index.php
Warsaw,Virginia,https://www.townofwarsaw.com/departments/public-works
Waverly,Virginia,https://waverlyva.org/government/
Weber City,Virginia,https://scottcountypsa.com/
West Point,Virginia,http://west-point.va.us/pages/department_services/public_works.php
Windsor,Virginia,https://www.windsor-va.gov/page/public-works/
Wise,Virginia,http://www.townofwise.net/departments.html
Woodstock,Virginia,https://www.townofwoodstockva.com/20/Public-Works
Wytheville,Virginia,https://www.wytheville.org/public-works
Aberdeen,Washington,https://www.aberdeenwa.gov/180/Public-Works-Department
Airway Heights,Washington,http://www.cawh.org/publicworks
Algona,Washington,https://www.algonawa.gov/general/page/public-works
Anacortes,Washington,https://www.anacorteswa.gov/411/Public-Works
Asotin,Washington,https://www.co.asotin.wa.us/267/Public-Works
Auburn,Washington,https://www.auburnwa.gov/city_hall/public_works
Bainbridge Island,Washington,https://www.bainbridgewa.gov/166/Public-Works
Battle Ground,Washington,https://www.cityofbg.org/67/Public-Works
Bellevue,Washington,https://bellevuewa.gov/city-government/departments
Bellingham,Washington,https://cob.org/gov/dept/pw
Benton City,Washington,https://www.ci.benton-city.wa.us/pview.aspx?id=21587&catid=671
Black Diamond,Washington,https://www.town.blackdiamond.ab.ca/200/Public-Works
Blaine,Washington,https://www.ci.blaine.wa.us/90/Public-Works
Bonney Lake,Washington,https://www.ci.bonney-lake.wa.us/
Bothell,Washington,http://www.ci.bothell.wa.us/352/Public-Works
Bremerton,Washington,https://www.bremertonwa.gov/218/Public-Works-Utilities
Brewster,Washington,https://cityofbrewsterwashington.org/public-works/
Bridgeport,Washington,https://www.bridgeportwashington.net/index.php/public-works-1
Brier,Washington,http://www.ci.brier.wa.us/cityhall/departments.htm
Buckley,Washington,https://www.cityofbuckley.com/publicworks
Burien,Washington,https://www.burienwa.gov/residents/public_works
Burlington,Washington,https://burlingtonwa.gov/106/Public-Works
Camas,Washington,https://www.cityofcamas.us/publicworks
Carnation,Washington,https://www.carnationwa.gov/contact
Cashmere,Washington,https://www.cityofcashmere.org/government/public-works
Castle Rock,Washington,https://ci.castle-rock.wa.us/public.htm
Centralia,Washington,https://www.cityofcentralia.com/publicworks
Chehalis,Washington,https://www.ci.chehalis.wa.us/
Chelan,Washington,https://www.co.chelan.wa.us
Cheney,Washington,https://www.cityofcheney.org/203/Public-Works-Permits
Chewelah,Washington,https://www.cityofchewelah.org/publicworks
Clarkston,Washington,https://clarkston-wa.com/departments/public-works/
Cle Elum,Washington,https://cityofcleelum.com/public-works/
Clyde Hill,Washington,https://www.republicservices.com/municipality/clyde-hill-wa
Colfax,Washington,https://www.colfaxwa.org/public-works
College Place,Washington,https://www.countyoffice.org/college-place-public-works-college-place-wa-4b5/
Colville,Washington,https://www.colville.wa.us/pview.aspx?id=35824&catid=461
Connell,Washington,https://www.cityofconnell.com/index.asp?SEC=3295D9C6-1988-44D4-9844-143AA72BFEBB
Cosmopolis,Washington,https://www.cosmopoliswa.gov/public-works.html
Coulee Dam,Washington,http://townofcouleedam.org/publicworks
Coupeville,Washington,https://www.islandcountywa.gov/PublicWorks/Pages/Home.aspx
Covington,Washington,https://www.covingtonwa.gov/city_departments/publicworks/index.php
Darrington,Washington,https://townofdarrington.com/Departments/public-works/
Davenport,Washington,https://www.davenportwa.us/index.asp?SEC=C1076F09-DFC6-4DEF-8969-23A54C65021A&Type=B_BASIC
Dayton,Washington,https://www.daytonwa.com/inside-city-hall/departments/public-works-department
Deer Park,Washington,https://www.cityofdeerparkwa.com/index.asp?SEC=C806FA72-5B5D-4CC2-B101-29D68E0AD99C&Type=B_BASIC
Des Moines,Washington,https://www.desmoineswa.gov/departments/public_works
DuPont,Washington,https://www.dupontwa.gov/509/DuPont-Public-Works-Facility
Duvall,Washington,https://www.duvallwa.gov/155/Public-Works-Department
East Wenatchee,Washington,https://www.eastwenatcheewa.gov/206/Public-Works
Eatonville,Washington,"http://www.townofeatonville.org/public-works-2/#:~:text=The%20Eatonville%20Public%20Works%20and,of%2Dways%20and%20facility%20maintenance."
Edgewood,Washington,https://www.cityofedgewood.org/Directory.aspx?did=10
Edmonds,Washington,https://edmondswa.gov/government/departments/public_works_and_utilities
Electric City,Washington,https://electriccity.us/public-works
Ellensburg,Washington,https://ci.ellensburg.wa.us/1020/Public-Works-Utilities
Elma,Washington,https://www.ezview.wa.gov/site/alias__1917/36520/contacts.aspx
Entiat,Washington,https://www.entiatwa.us/your_government/departments/public_works/index.php
Enumclaw,Washington,https://www.cityofenumclaw.net/135/Public-Works
Ephrata,Washington,https://www.grantcountywa.gov/239/Public-Works
Everett,Washington,https://everettwa.gov/325/Public-Works
Everson,Washington,https://www.ci.everson.wa.us/departments/public_works_departments/index.php
Federal Way,Washington,https://www.cityoffederalway.com/publicworks
Ferndale,Washington,https://www.cityofferndale.org/public-works-department/
Fife,Washington,https://www.cityoffife.org/290/Public-Works
Fircrest,Washington,https://www.cityoffircrest.net
Forks,Washington,https://forkswashington.org/city-government/departments/public-works-utilities/
Friday Harbor,Washington,http://www.fridayharbor.org/
Gig Harbor,Washington,https://www.waze.com/live-map/directions/united-states/washington/gig-harbor/gig-harbor-public-works-department?to=place.ChIJUbw-gNBSkFQRbxNnGHyYpNw
Gold Bar,Washington,https://cityofgoldbar.us/city-government/public-works/
Goldendale,Washington,https://www.ci.goldendale.wa.us/public-works
Grand Coulee,Washington,http://townofcouleedam.org/publicworks
Grandview,Washington,https://grandview.wa.us/departments/public-works/
Granger,Washington,https://www.grangerwashington.org/public-works/
Granite Falls,Washington,http://ci.granite-falls.wa.us/?page_id=300
Hoquiam,Washington,https://cityofhoquiam.com/our-departments/department-of-public-works/
Issaquah,Washington,https://www.issaquahwa.gov/2977/Public-Works
Kalama,Washington,https://www.cityofkalama.com/city-government/public-works-60
Kelso,Washington,https://www.co.cowlitz.wa.us/235/Public-Works
Kenmore,Washington,https://www.kenmorewa.gov/government/departments/public-works
Kennewick,Washington,https://www.go2kennewick.com/315/Public-Works
Kent,Washington,https://www.kentwa.gov/city-hall/public-works
Kettle Falls,Washington,https://www.cityofkettlefalls.org/publicworks
Kirkland,Washington,https://www.kirklandwa.gov/Government/Departments/Public-Works-Department
Kittitas,Washington,https://www.co.kittitas.wa.us/public-works/default.aspx
La Center,Washington,https://www.ci.lacenter.wa.us/city_departments/public_works.php
Lacey,Washington,https://www.ci.lacey.wa.us/city-government/city-departments/public-works/contact-us
Lake Forest Park,Washington,https://www.cityoflfp.com/67/Public-Works-Department
Lake Stevens,Washington,https://www.lakestevenswa.gov/84/Public-Works
Lakewood,Washington,https://www.lakewood.org/Government/Departments/Public-Works
Langley,Washington,https://www.langleywa.org/departments/public_works_department/index.php
Leavenworth,Washington,https://cityofleavenworth.com/your-city-hall/departments/public-works/
Liberty Lake,Washington,https://www.libertylakewa.gov/181/Streets-Public-Works
Long Beach,Washington,https://www.co.pacific.wa.us/public-works/index.htm
Longview,Washington,https://www.mylongview.com/322/Public-Works
Lynden,Washington,https://www.lyndenwa.org/public-works/
Lynnwood,Washington,https://www.lynnwoodwa.gov/Government/Departments/Public-Works
Mabton,Washington,https://www.cityofmabton.com/publicworksdepartment.html
Maple Valley,Washington,https://www.maplevalleywa.gov/departments-services/public-works
Marysville,Washington,https://www.marysvillewa.gov/169/Public-Works
Mattawa,Washington,"https://www.cityofmattawa.com/departments/PublicWorks#:~:text=The%20Public%20Works%20Department%20is,Streets%2C%20Park%2C%20and%20Facilities."
McCleary,Washington,https://cityofmccleary.com/index.asp?SEC=A353538D-B09D-4515-9742-A6F51481BA10&Type=B_BASIC
Medical Lake,Washington,https://medical-lake.org/utilities/
Medina,Washington,https://www.medina-wa.gov
Mercer Island,Washington,https://www.bainbridgewa.gov/166/Public-Works
Mill Creek,Washington,https://www.cityofmillcreek.com/city_government/public_works_and_development_services
Millwood,Washington,https://www.millwoodwa.us/departments
Milton,Washington,https://www.cityofmilton.net/178/Public-Works
Monroe,Washington,https://www.monroewa.gov/94/Public-Works
Montesano,Washington,http://cityofmontesano.com/department-directory/public-works/
Morton,Washington,https://www.visitmorton.com/cityofmorton/publicworksdepartment.html
Moses Lake,Washington,https://www.cityofml.com/86/Public-Works
Mount Vernon,Washington,https://www.mountvernonwa.gov/401/Public-Works
Mountlake Terrace,Washington,https://www.cityofmlt.com/333/Public-Works
Moxee,Washington,https://cityofmoxee.us/departments/
Mukilteo,Washington,https://mukilteowa.gov/departments/public-works/
Napavine,Washington,http://www.cityofnapavine.com/publicworks.html
Newcastle,Washington,http://newcastlewa.gov
Newport,Washington,https://newport-wa.org/public-works/
Nooksack,Washington,http://cityofnooksack.com/publicworks.htm
Normandy Park,Washington,https://normandyparkwa.gov/public-works/
North Bend,Washington,https://northbendwa.gov/76/Public-Works
North Bonneville,Washington,https://northbonneville.net/utilities/
Oak Harbor,Washington,https://www.oakharbor.org/publicworks
Ocean Shores,Washington,https://www.osgov.com/departments/public_works/index.php
Okanogan,Washington,https://www.okanogancity.com/publicworks
Olympia,Washington,http://thurstoneconetwork.org/organization/city-of-olympia-storm-surface-water/
Omak,Washington,https://www.omakcity.com/publicworks
Oroville,Washington,https://www.oroville-wa.com/index.php/departments/public-works/
Orting,Washington,https://www.cityoforting.org/government/public-works
Othello,Washington,https://www.othellowa.gov/public-works
Pacific,Washington,https://www.pacificwa.gov/services/public_works
Palouse,Washington,http://visitpalouse.com/government/
Pasco,Washington,https://www.pasco-wa.gov/165/Public-Works
Pomeroy,Washington,https://www.co.garfield.wa.us/publicworks
Port Angeles,Washington,https://www.cityofpa.us/195/Public-Works-Utilities
Port Orchard,Washington,https://www.cityofportorchard.us/departments/public-works/
Port Townsend,Washington,https://cityofpt.us/publicworks
Poulsbo,Washington,https://cityofpoulsbo.com/public-works-solid-waste/
Prosser,Washington,https://cityofprosser.com/pw
Pullman,Washington,https://www.pullman-wa.gov/government/departments/public_works
Puyallup,Washington,https://www.cityofpuyallup.org/149/Public-Works
Quincy,Washington,https://www.quincywashington.us/230/Public-Works
Rainier,Washington,https://cityofrainierwa.org/public-works/utilities/
Raymond,Washington,https://cityofraymond.com/public-works/
Redmond,Washington,https://www.redmond.gov/168/Public-Works
Renton,Washington,https://rentonwa.gov/city_hall/public_works
Republic,Washington,https://www.cityofrepublic.org/public-works
Richland,Washington,https://www.ci.richland.wa.us/departments/public-works
Ridgefield,Washington,https://ridgefieldwa.us/government/city-departments/public-works/
Ritzville,Washington,http://www.co.adams.wa.us/departments/public_works/index.php
Rock Island,Washington,https://www.rigov.org/167/Public-Works
Royal City,Washington,http://mail.royalcitywa.org/cityhall.html
Sammamish,Washington,https://www.sammamish.us/government/departments/public-works/
SeaTac,Washington,https://www.seatacwa.gov/services/public-works
Seattle,Washington,https://www.seatacwa.gov
Sedro-Woolley,Washington,https://www.ci.sedro-woolley.wa.us/departments/engineering/index.php
Selah,Washington,https://selahwa.gov/public-works/
Sequim,Washington,https://www.sequimwa.gov/69/Public-Works
Shelton,Washington,https://www.ci.shelton.wa.us/departments/public_works/index.php
Shoreline,Washington,https://www.shorelinewa.gov/government/departments/public-works
Snohomish,Washington,https://snohomishcountywa.gov/3935/About-Public-Works
Snoqualmie,Washington,https://www.ci.snoqualmie.wa.us/
Soap Lake,Washington,https://www.soaplakewa.gov/public-works
South Bend,Washington,https://www.southbend-wa.gov/contact-us/public-works
Spokane,Washington,https://my.spokanecity.org/publicworks/
Spokane Valley,Washington,https://www.spokanevalley.org/publicworks
Stanwood,Washington,https://stanwoodwa.org/308/Public-Works
Steilacoom,Washington,https://townofsteilacoom.org/163/Public-Works
Stevenson,Washington,https://www.ci.stevenson.wa.us/404-error
Sultan,Washington,https://www.ci.sultan.wa.us/178/Public-Works
Sumas,Washington,https://www.cityofsumas.com/contact-us/
Sumner,Washington,"https://sumnerwa.gov/government/departments/public-works/#:~:text=The%20Public%20Works%20Department%20keeps,the%20City's%20Geographic%20Information%20System."
Sunnyside,Washington,http://www.ci.sunnyside.wa.us/148/Public-Works
Tacoma,Washington,https://www.cityoftacoma.org/government/city_departments/public_works
Tenino,Washington,https://cityoftenino.us/
Tieton,Washington,http://cityoftieton.com/departments
Tonasket,Washington,https://www.tonasketwa.gov/publicworks
Toppenish,Washington,http://cityoftoppenish.us/public-works/
Tukwila,Washington,https://www.tukwilawa.gov/departments/public-works/
Tumwater,Washington,https://www.ci.tumwater.wa.us/departments/transportation-engineering
Union Gap,Washington,https://uniongapwa.gov/public-works/
University Place,Washington,http://www.cityofup.com/public-works
Vancouver,Washington,https://www.cityofvancouver.us/publicworks
Waitsburg,Washington,https://www.cityofwaitsburg.com/
Walla Walla,Washington,https://www.wallawallawa.gov/government/public-works
Wapato,Washington,https://wapato-city.org/public-works/
Warden,Washington,https://cityofwarden.org/departments
Washougal,Washington,https://www.cityofwashougal.us/165/Public-Works
Waterville,Washington,https://www.ci.waterville.wa.us
Wenatchee,Washington,https://www.wenatcheewa.gov/government/public-works
West Richland,Washington,https://www.ci.richland.wa.us/departments/public-works
Westport,Washington,"https://www.countyoffice.org/westport-public-works-westport-wa-c06/#:~:text=The%20Westport%20Public%20Works%2C%20located,buildings%2C%20sanitation%2C%20and%20utilities."
White Salmon,Washington,https://www.white-salmon.net/publicworks
Winlock,Washington,https://www.cityofwinlock.com/public-works.html
Woodinville,Washington,https://www.ci.woodinville.wa.us/231/Public-Works
Woodland,Washington,http://www.ci.woodland.wa.us/departments/public-works/
Woodway,Washington,https://www.townofwoodway.com/your_government/public_works.php
Yacolt,Washington,https://www.townofyacolt.com/general/page/public-works-director
Yakima,Washington,https://www.mapquest.com/us/washington/yakima-city-public-works-357602694
Yarrow Point,Washington,https://yarrowpointwa.gov/public-works/
Yelm,Washington,https://www.yelmwa.gov/connect/departments/public_works/index.php
Zillah,Washington,https://www.cityofzillah.us/departments/public_works/index.php
Alderson,West Virginia,https://aldersonwv.org/index.php/contact-us/
Ansted,West Virginia,http://www.anstedwv.com/
Barboursville,West Virginia,http://www.barboursville.org/public-works-info.html
Barrackville,West Virginia,https://local.wv.gov/barrackville/Pages/default.aspx
Beckley,West Virginia,https://beckley.org/public-works/
Belington,West Virginia,https://local.wv.gov/belington
Belle,West Virginia,http://townofbelle.com/utilities/
Benwood,West Virginia,http://www.benwoodwv.com
Bethlehem,West Virginia,https://www.wheelingwv.gov/departments/PublicWorks
Bluefield,West Virginia,https://www.cityofbluefield.com/publicworks
Bolivar,West Virginia,http://www.bolivarwv.org/
Bridgeport,West Virginia,http://www.bridgeportwv.com
Buckhannon,West Virginia,https://buckhannonwv.org/directory/
Buffalo,West Virginia,https://www.buffalocreekpsd.myruralwater.com/
Ceredo,West Virginia,https://ceredowv.gov/
Chapmanville,West Virginia,https://www.countyoffice.org/chapmanville-water-department-chapmanville-wv-2ad/
Charles Town,West Virginia,https://www.charlestownwv.us/departments/public-works/
Charleston,West Virginia,https://www.charlestonwv.gov/government/city-departments/public-works
Chesapeake,West Virginia,http://www.cityofchesapeake.net/government/city-departments/departments/public-works-department.htm
Chester,West Virginia,https://www.countyoffice.org/chester-water-department-chester-wv-32e/
Clarksburg,West Virginia,https://www.cityofclarksburgwv.com/193/Public-Works
Clendenin,West Virginia,https://clendeninleader.com/resources/town-government/
Dunbar,West Virginia,https://www.cityofdunbarwv.gov/publicworks.html
Eleanor,West Virginia,http://eleanorwv.com/
Elkins,West Virginia,https://cityofelkinswv.com/living/public-service-utilities/
Fairmont,West Virginia,https://www.fairmontwv.gov/258/Public-Works
Fayetteville,West Virginia,https://fayettecounty.wv.gov/departments
Follansbee,West Virginia,https://thecityoffollansbee.com/
Glen Dale,West Virginia,https://www.thecountyoffice.com/glen-dale-wv-public-works-utilities/
Glenville,West Virginia,http://cityofglenvillewv.com/departments.php
Grafton,West Virginia,https://www.graftonwv.org/forms/
Granville,West Virginia,https://townofgranvillewv.gov/departments/
Hamlin,West Virginia,https://local.wv.gov/hamlin/Pages/default.aspx
Harrisville,West Virginia,"https://en.wikipedia.org/wiki/Harrisville,_West_Virginia"
Hinton,West Virginia,http://www.hintonwva.com/government/
Huntington,West Virginia,https://www.cityofhuntington.com/city-government/city-departments/public-works/
Hurricane,West Virginia,https://www.hurricanewv.com/government/street-department/
Kenova,West Virginia,https://kenovawv.com/
Keyser,West Virginia,https://www.cityofkeyser.com/contact
Kingwood,West Virginia,https://www.countyoffice.org/kingwood-water-works-office-kingwood-wv-663/
Lewisburg,West Virginia,http://lewisburg-wv.com/city-government/departments/public-works/
Logan,West Virginia,https://lcpsd.com/
Mabscott,West Virginia,https://local.wv.gov/mabscott/Pages/default.aspx
Madison,West Virginia,https://madisonwv.org/contact-us/
Mannington,West Virginia,https://www.cityofmannington.com/
Marmet,West Virginia,https://townofmarmetwv.us/
Martinsburg,West Virginia,https://www.cityofmartinsburg.org/government/city-departments/public-works
McMechen,West Virginia,https://www.ephraimcity.org/160/Public-Works
Milton,West Virginia,https://www.cityofmiltonwv.com/
Monongah,West Virginia,https://www.countyoffice.org/monongah-municipal-water-works-monongah-wv-7d0/
Montgomery,West Virginia,https://www.countyoffice.org/va-montgomery-county-public-works/
Moorefield,West Virginia,https://www.townofmoorefield.com/water-sewer/
Morgantown,West Virginia,https://www.morgantownwv.gov/219/Public-Works-Streets
Moundsville,West Virginia,https://www.cityofmoundsville.com/departments/public-works/32
Mount Hope,West Virginia,http://mthopewv.org/departments/water-department/
Mullens,West Virginia,https://transportation.wv.gov/highways/right-of-way/Documents/Utility%20Contact%20List%202019-08-01.pdf
New Haven,West Virginia,https://www.townofnewhavenwv.com/m/main-menu/1557
New Martinsville,West Virginia,https://www.cityofnewmartinsvillewv.com/waterandsewer.htm
Nitro,West Virginia,https://cityofnitro.org/departments/nitro-public-works/
Nutter Fort,West Virginia,https://townofnutterfort.com/
Oak Hill,West Virginia,https://oakhillwv.gov/publicworks
Oceana,West Virginia,https://www.facebook.com/Oceanacityhall/
Paden City,West Virginia,https://www.linkedin.com/in/josh-billiter-913005112
Parkersburg,West Virginia,http://parkersburgcity.com/pc/welcome-to-public-works/
Parsons,West Virginia,https://local.wv.gov/parsons/Pages/default.aspx
Pennsboro,West Virginia,https://local.wv.gov/Pennsboro
Petersburg,West Virginia,https://local.wv.gov/petersburg
Philippi,West Virginia,http://www.philippi.org/public-works/
Pleasant Valley,West Virginia,https://www.pleasantvalleypsd.com/
Point Pleasant,West Virginia,https://www.masoncountypsd.com/
Princeton,West Virginia,https://www.cityofprinceton.org/departments/PublicWorks/public-works
Rainelle,West Virginia,https://www.countyoffice.org/rainelle-city-municipal-water-rainelle-wv-763/
Ranson,West Virginia,https://www.cityofransonwv.net/195/Public-Works
Ravenswood,West Virginia,https://www.cityofravenswood.com
Richwood,West Virginia,https://www.countyoffice.org/richwood-water-works-richwood-wv-7db/
Ripley,West Virginia,http://www.cityofripley.org/contact.html
Romney,West Virginia,https://townofromney.com/government/public-works/
Ronceverte,West Virginia,https://www.cityofronceverte.com/departments/public-workssanitation
Salem,West Virginia,https://www.local.wv.gov/salem
Shepherdstown,West Virginia,http://www.shepherdstown.us/contact-us/
Shinnston,West Virginia,https://www.countyoffice.org/shinnston-public-works-utilities-division-shinnston-wv-aaf/
Sistersville,West Virginia,https://www.tylercountypsd.com/
Sophia,West Virginia,https://local.wv.gov/sophia/Pages/default.aspx
South Charleston,West Virginia,https://cityofsouthcharleston.com/departments/public-works/
Spencer,West Virginia,https://www.cityofspencer.com/services
St. Albans,West Virginia,http://www.stalbanswv.com/public-works
St. Marys,West Virginia,https://stmarys.wv.gov/Departments/watersewerdept
Star City,West Virginia,https://www.starcitywv.com/
Stonewood,West Virginia,https://www.cityofstonewood.com/contact-us
Summersville,West Virginia,https://www.summersvillewv.org/directory/city-office/
Terra Alta,West Virginia,https://www.thecountyoffice.com/terra-alta-wv-public-works-utilities/
Vienna,West Virginia,https://www.vienna-wv.com/165/Public-Works
Wayne,West Virginia,https://dhhr.wv.gov/bcf/Pages/County-Details.aspx?County=wayne
Weirton,West Virginia,https://www.cityofweirton.com/205/Public-Works
Welch,West Virginia,https://local.wv.gov/Welch/Pages/agencies.aspx
Wellsburg,West Virginia,https://www.cityofwellsburg.us/
West Liberty,West Virginia,https://westliberty.edu/
Weston,West Virginia,https://local.wv.gov/weston/Pages/default.aspx
Westover,West Virginia,https://www.morgantownwv.gov/219/Public-Works-Streets
Wheeling,West Virginia,https://newglarusvillage.com/government/departments/public-works
White Sulphur Springs,West Virginia,https://www.whitesulphurspringswv.org
Williamson,West Virginia,https://www.doxo.com/info/williamson-water-sewer-depts-wv
Williamstown,West Virginia,https://williamstownwv.org/city-officials
Winfield,West Virginia,https://cityofwinfield.squarespace.com/public-works
Abbotsford,Wisconsin,http://www.ci.abbotsford.wi.us/CONTACT%20US.html
Adams,Wisconsin,https://cityofadamswi.org/public-works-department/
Albany,Wisconsin,https://www.albanywi.org/public-works/
Algoma,Wisconsin,https://www.algomacity.org/departments/public_works_department/index.php
Allouez,Wisconsin,https://www.villageofallouez.com/depts/public-works/
Altoona,Wisconsin,https://www.ci.altoona.wi.us/public_works.phtml
Amery,Wisconsin,https://amerywisconsin.org/196/Public-Works-Department
Amherst,Wisconsin,https://amherstwi.govoffice2.com/
Antigo,Wisconsin,https://www.antigo-city.org/street-department/
Appleton,Wisconsin,https://www.appleton.org/government/public-works
Arcadia,Wisconsin,http://cityofarcadiawi.com/city_services
Ashland,Wisconsin,https://www.coawi.org/217/Public-Works-Utilities
Ashwaubenon,Wisconsin,https://ashwaubenon.com/government/departments/public-works-streets/
Athens,Wisconsin,https://www.athenswis.com/index.asp?SEC=CCFE7AF9-2DAA-422F-A308-2EFCA45AA161&Type=B_BASIC
Augusta,Wisconsin,http://www.augustamaine.gov/
Baldwin,Wisconsin,https://www.villageofbaldwin.com/publicworks
Balsam Lake,Wisconsin,https://balsamlakevillage.com/balsam-lake-wi-public-works/
Bangor,Wisconsin,https://villageofbangor.com/?SEC=591BEFCF-3150-410B-AE32-5394321509F9
Baraboo,Wisconsin,https://www.cityofbaraboo.com/publicworks
Barneveld,Wisconsin,https://barneveldwi.com/public-works/
Barron,Wisconsin,https://cityofbarron.com/149/Departments
Bayside,Wisconsin,https://www.baysidewi.gov/departments/public-works/
Beaver Dam,Wisconsin,https://www.cityofbeaverdam.com/department/index.php?structureid=76
Belgium,Wisconsin,https://www.village.belgium.wi.us/utilities
Belleville,Wisconsin,https://www.villageofbelleville.com
Bellevue,Wisconsin,http://www.villageofbellevue.org/departments/public_works
Beloit,Wisconsin,https://www.beloitwi.gov/publicworks
Berlin,Wisconsin,https://cityofberlin.net/public-works-street-department/
Big Bend,Wisconsin,https://www.villageofbigbend.com/village_departments/public_works/index.php
Black Creek,Wisconsin,https://villageofblackcreek.com/
Black Earth,Wisconsin,https://www.blackearthwisconsin.com/index.asp?SEC=B4452AFA-34CA-40D0-83D9-36AEF6759E0C
Black River Falls,Wisconsin,https://blackriverfalls.us/contact-us/
Blair,Wisconsin,http://www.cityofblair.org/area-utility-information.html
Bloomer,Wisconsin,https://www.ci.bloomer.wi.us/contacts-directory
Bonduel,Wisconsin,http://www.villageofbonduel.com/fire.php
Boscobel,Wisconsin,https://boscobelwisconsin.com/utilities/
Boyceville,Wisconsin,https://boycevillewi.com/public-works/
Brillion,Wisconsin,https://www.ci.brillion.wi.us/dept-of-public-works
Bristol,Wisconsin,https://villageofbristol.org/public-works/
Brodhead,Wisconsin,http://www.cityofbrodheadwi.us/departments/public_works/index.php
Brookfield,Wisconsin,https://www.ci.brookfield.wi.us/19/Public-Works
Brooklyn,Wisconsin,https://brooklynwi.gov/
Brown Deer,Wisconsin,https://www.browndeerwi.org/222/Public-Works
Buffalo City,Wisconsin,https://www.buffalocitywisconsin.com/
Burlington,Wisconsin,https://www.burlington-wi.gov/160/Street-Department
Butler,Wisconsin,https://www.butlerwi.gov/government/departments/public-works/
Cadott,Wisconsin,https://villageofcadott.com/
Caledonia,Wisconsin,https://caledonia-wi.gov/node/1324
Cambridge,Wisconsin,https://www.jeffersoncountywi.gov/government/municipalities/villages/cambridge.php
Cameron,Wisconsin,https://www.yellowpages.com/cameron-wi/mip/cameron-public-works-department-464139473
Campbellsport,Wisconsin,https://campbellsport.govoffice.com/publicworks
Cashton,Wisconsin,https://www.cashton.com/village
Cedar Grove,Wisconsin,https://cedargrovewi.com/officials.php
Cedarburg,Wisconsin,https://www.ci.cedarburg.wi.us/public-works
Chetek,Wisconsin,https://www.cityofchetek-wi.gov/departments/public-works/
Chilton,Wisconsin,"https://www.countyoffice.org/chilton-public-works-chilton-wi-460/#:~:text=The%20Chilton%20Public%20Works%2C%20located,buildings%2C%20sanitation%2C%20and%20utilities."
Chippewa Falls,Wisconsin,https://www.chippewafalls-wi.gov/your-government/public-works
Clear Lake,Wisconsin,http://www.clearlake-wi.gov/public-works.php
Cleveland,Wisconsin,http://www.clevelandwi.gov/public-works-2/
Clinton,Wisconsin,https://www.clintonwi.us/index.asp?SEC=11412020-7B8F-4878-815A-061C3DE76E51&Type=B_DIR
Clintonville,Wisconsin,http://www.clintonvillewi.org/government/departments/public_works
Colby,Wisconsin,https://ci.colby.wi.us/public-works/
Colfax,Wisconsin,http://www.villageofcolfaxwi.org/contact
Columbus,Wisconsin,https://www.cityofcolumbuswi.com/2188/Public-Works
Combined Locks,Wisconsin,https://combinedlocks.org/clerk-treasurer/public-works/
Cornell,Wisconsin,https://cityofcornell.com/index.php/contact-us/
Cottage Grove,Wisconsin,https://www.vi.cottagegrove.wi.gov/153/Public-Works-Utilities
Crandon,Wisconsin,http://www.cityofcrandon.info/page1/page1.html
Cross Plains,Wisconsin,https://www.cross-plains.wi.us/166/Departments
Cuba City,Wisconsin,https://cubacity.org/publicworks
Cudahy,Wisconsin,https://www.facebook.com/login/?next=https%3A%2F%2Fwww.facebook.com%2FCudahyDPW%2F
Cumberland,Wisconsin,https://cityofcumberland.net/public-works/
Darien,Wisconsin,https://www.darienwi.com/index.asp?SEC=7B7EF83B-4070-48D3-B3FB-88D125F2C470
Darlington,Wisconsin,https://darlingtonwi.org
De Pere,Wisconsin,https://www.deperewi.gov/department/photos/index.php?structureid=88
Deerfield,Wisconsin,https://www.deerfieldwi.com/index.asp?SEC=A7A753E4-7702-4107-A07A-E09D8628FA99&Type=B_BASIC
DeForest,Wisconsin,https://www.vi.deforest.wi.us/publicservice
Delafield,Wisconsin,https://www.cityofdelafield.com/156/Public-Works
Delavan,Wisconsin,https://ci.delavan.wi.us/departments/public-works/
Denmark,Wisconsin,https://denmark-wi.org/public-works/
Dickeyville,Wisconsin,https://www.dickeyville.com/contact-us
Dodgeville,Wisconsin,https://www.cityofdodgeville.com/index.asp?SEC=97F977B6-2F80-4BFD-A1AD-37B385DE7741
Dousman,Wisconsin,https://villageofdousman.com/public-works/
Durand,Wisconsin,https://www.durandmi.com/public_works_and_utilities/department_of_public_works/index.php
Eagle,Wisconsin,https://townofeaglewi.us/
Eagle River,Wisconsin,https://eagleriver.govoffice2.com/index.asp?SEC=8688EB7C-2962-48F7-9BD1-55DF5F94DBC7
East Troy,Wisconsin,https://easttroywi.gov/dpw
Eau Claire,Wisconsin,https://www.eauclairewi.gov/our-city/service-directory
Edgar,Wisconsin,https://www.vil.edgar.wi.us/index.asp?SEC=144F2A64-33C0-4359-A3E4-02DCB3E26F12
Edgerton,Wisconsin,https://www.cityofedgerton.com/public-works-department
Elkhorn,Wisconsin,https://www.cityofelkhorn.org/publicworks
Ellsworth,Wisconsin,http://www.villageofellsworth.org/Staff.html
Elm Grove,Wisconsin,https://elmgrovewi.org/67/Public-Works
Elroy,Wisconsin,https://www.elroywi.com/index.asp?SEC=7869AA2E-2FF8-4315-BE19-BDF713DB136F
Evansville,Wisconsin,https://www.ci.evansville.wi.gov/services_by_department/public_works/
Fall Creek,Wisconsin,https://www.fallcreekwi.gov/public-works/
Fall River,Wisconsin,https://www.buffalocitywisconsin.com/
Fennimore,Wisconsin,https://fennimore.com/public-works/
Fitchburg,Wisconsin,https://www.fitchburgwi.gov/141/Public-Works
Fond du Lac,Wisconsin,https://www.fdl.wi.gov/public-works/
Fontana-on-Geneva Lake,Wisconsin,https://villageoffontana.com/departments/department-of-public-works/
Fort Atkinson,Wisconsin,http://www.fortatkinsonwi.net/departments/public_works.php
Fox Lake,Wisconsin,https://www.cityoffoxlake.org/2148/Public-Works-Department
Fox Point,Wisconsin,https://www.villageoffoxpoint.com/212/Public-Works
Franklin,Wisconsin,https://www.franklinwi.gov/Departments/Engineering-Public-Works.htm
Frederic,Wisconsin,https://www.fredericwi.com/
Fredonia,Wisconsin,https://www.village.fredonia.wi.us/pubic-works-recycling
Galesville,Wisconsin,https://www.cityofgalesville.com/index.asp?SEC=E7CBE5A4-FC50-4DD6-A717-A5C46FE2558C&Type=B_BASIC
Genoa City,Wisconsin,https://www.genoacity.info/publicworks
Germantown,Wisconsin,https://www.village.germantown.wi.us/254/Public-Works
Gillett,Wisconsin,https://cityofgillett.com/government/street-public-works/
Glendale,Wisconsin,https://www.glendale-wi.org/175/Public-Works-Department
Glenwood City,Wisconsin,https://www.glenwoodcitywi.com/city_departments_public_works.html
Grafton,Wisconsin,https://www.village.grafton.wi.us/115/Public-Works-Engineering
Grantsburg,Wisconsin,http://www.grantsburgwi.com/public-works-department.html
Green Bay,Wisconsin,https://greenbaywi.gov/609/Public-Works
Greendale,Wisconsin,https://www.greendale.org/departments/public_works/index.php
Greenfield,Wisconsin,https://www.ci.greenfield.wi.us/266/Public-Works
Greenwood,Wisconsin,https://greenwoodwi.com/public-works/
Hales Corners,Wisconsin,http://www.halescorners.org/index.asp?SEC=6A4098A8-81A8-4D18-A42F-0EB0FC0C544B&Type=B_BASIC
Hammond,Wisconsin,https://hammondwi.org/
Hartford,Wisconsin,https://ci.hartford.wi.us/222/Public-Works-Incl-Garbage-Recycling
Hartland,Wisconsin,https://www.villageofhartland.com/196/Public-Works
Hayward,Wisconsin,https://cityofhaywardwi.gov/public-works-department/
Hazel Green,Wisconsin,http://villageofhazelgreen.org
Hilbert,Wisconsin,http://villageofhilbert.com/public_works.php
Hillsboro,Wisconsin,https://www.hillsborowi.com/departments
Hobart,Wisconsin,https://www.hobart-wi.org/public-works
Holmen,Wisconsin,https://www.holmenwi.com/publicworksdepartment
Horicon,Wisconsin,https://cityhoriconwi.us/210/Public-Works
Hortonville,Wisconsin,https://www.hortonvillewi.org/public-works-utilities/
Howard,Wisconsin,https://villageofhoward.com/162/Public-Works-Department
Howards Grove,Wisconsin,https://www.howardsgrove.org/180/Public-Works
Hudson,Wisconsin,https://www.hudsonwi.gov/187/Public-Works
Hurley,Wisconsin,http://ezlocal.com/wi/hurley/public-works-department
Hustisford,Wisconsin,https://www.hustisford.com/
Independence,Wisconsin,https://independencewi.org/
Iola,Wisconsin,https://www.villageofiola.com/departments
Jackson,Wisconsin,https://www.villageofjackson.com/index.asp?SEC=2B6E74EA-06F5-41FF-A2C1-3ADD3C9AC3A2&Type=B_BASIC
Janesville,Wisconsin,https://www.janesvillewi.gov/departments-services/public-works
Jefferson,Wisconsin,https://jeffersonwis.com/residents/departments/public-works/
Johnson Creek,Wisconsin,https://www.johnsoncreek-wi.us/index.asp?SEC=D3642CDF-50F0-4C0C-9255-66F96A87BF7D&Type=B_BASIC
Juneau,Wisconsin,https://www.cityofjuneau.net/2193/Public-Works
Kaukauna,Wisconsin,https://cityofkaukauna.com/departments/public-works/
Kenosha,Wisconsin,https://www.kenosha.org/departments/public-works
Kewaskum,Wisconsin,https://www.village.kewaskum.wi.us/public-works
Kewaunee,Wisconsin,https://www.cityofkewaunee.org/department-of-public-works.html
Kiel,Wisconsin,https://www.kielwi.gov/
Kimberly,Wisconsin,https://www.vokimberly.org/departments/street-department/
Kohler,Wisconsin,https://kohlervillage.org/departments/public-works/
Kronenwetter,Wisconsin,https://www.kronenwetter.org/department/public_works/index.php
La Crosse,Wisconsin,https://www.cityoflacrosse.org/your-government/departments/engineering
Ladysmith,Wisconsin,https://www.cityofladysmithwi.com/index.asp?SEC=9B7DF9EA-F9FB-43C7-B8A6-E9D0BCA14FA4
Lake Delton,Wisconsin,https://lakedelton.org/publicworks/
Lake Geneva,Wisconsin,https://www.cityoflakegeneva.com/index.asp?SEC=7056B6D2-AA9B-45B0-914E-5D6278D8698C&Type=B_BASIC
Lake Hallie,Wisconsin,https://lakehallie.us/departments/
Lake Mills,Wisconsin,https://www.ci.lake-mills.wi.us/index.asp?SEC=8B81B576-15DB-41A3-894A-A87CF49B2112&Type=B_BASIC
Lake Nebagamon,Wisconsin,https://villagelakenebagamon.com/contact-us/
Lancaster,Wisconsin,https://lancasterwisconsin.com/index.asp?SEC=357D30FF-B4AF-41B9-92A1-2762F7321385&Type=B_BASIC
Lannon,Wisconsin,https://villageoflannon.com/
Little Chute,Wisconsin,https://www.littlechutewi.org/Directory.aspx?did=15
Lodi,Wisconsin,https://www.cityoflodi.us/144/Public-Works
Lomira,Wisconsin,https://www.villageoflomira.com/public-works-sewer-water
Loyal,Wisconsin,https://loyalwi.com/contact_us.php
Luck,Wisconsin,https://www.luckwisconsin.com/index.asp?SEC=E478A9B6-90E7-4CA7-8A62-CF27A9C5B180&Type=B_BASIC
Luxemburg,Wisconsin,https://www.luxemburgusa.com/water-sewer.html
Madison,Wisconsin,https://www.cityofmadison.com/business/pw/
Maine,Wisconsin,http://www.villageofmaine.org/contact.html
Manawa,Wisconsin,https://cityofmanawa.org/government/watersewer/
Manitowoc,Wisconsin,https://manitowoccountywi.gov/departments/public-works/
Maple Bluff,Wisconsin,https://ecode360.com/7003281
Marathon City,Wisconsin,https://www.marathoncity.org/departments/
Marinette,Wisconsin,https://www.marinette.wi.us/175/Public-Works-City-Engineer
Marion,Wisconsin,https://www.countyoffice.org/marion-city-hall-marion-wi-711/
Markesan,Wisconsin,http://www.markesanwi.gov/city-departments/public-works/
Marshall,Wisconsin,https://www.marshall-wi.com/street
Marshfield,Wisconsin,https://www.ci.marshfield.wi.us/departments_and_divisions/public_works.php
Mauston,Wisconsin,https://www.mauston.com/index.asp?SEC=5517821D-F0F6-4545-BDCF-AA2F5D7BD35A&Type=B_BASIC
Mayville,Wisconsin,https://www.mayvillecity.com/custom/49855
Mazomanie,Wisconsin,http://www.villageofmazomaniewi.gov/contact-us/
McFarland,Wisconsin,https://www.mcfarland.wi.us/271/Public-Works
Medford,Wisconsin,https://www.citymedfordwi.com/departments/public_works/index.php
Menasha,Wisconsin,https://www.cityofmenasha-wi.gov/departments/public_works/index.php
Menomonee Falls,Wisconsin,https://www.menomonee-falls.org/63/Public-Works
Menomonie,Wisconsin,https://www.menomonie-wi.gov/index.asp?SEC=A0F6CFB8-208D-4410-9508-462F8C7E79F6&Type=B_BASIC
Mequon,Wisconsin,https://www.ci.mequon.wi.us/publicworks
Merrill,Wisconsin,https://co.lincoln.wi.us/emergency-management/page/city-merrill
Merton,Wisconsin,https://www.townofmerton.com/publicworks
Middleton,Wisconsin,https://www.cityofmiddleton.us/108/Public-Works
Milton,Wisconsin,https://www.milton-wi.gov/104/Public-Works
Milwaukee,Wisconsin,https://city.milwaukee.gov/dpw
Mineral Point,Wisconsin,https://cityofmineralpoint.com/utilities/
Mishicot,Wisconsin,https://www.mishicot.org/public-works
Mondovi,Wisconsin,https://www.mondovi.com/government
Monona,Wisconsin,https://www.mymonona.com/249/Public-Works
Monroe,Wisconsin,http://cityofmonroe.org/division/public_works/index.php
Montello,Wisconsin,http://www.cityofmontello.com/services/public-works-department/
Monticello,Wisconsin,https://www.advanceddisposal.com/wi/monticello/residential-waste
Mosinee,Wisconsin,http://www.mosinee.wi.us/public_works/public_works.html
Mount Horeb,Wisconsin,https://www.mapquest.com/us/wisconsin/mt-horeb-public-works-department-410831595
Mount Pleasant,Wisconsin,https://www.mtpleasantwi.gov/180/Public-Works
Mukwonago,Wisconsin,https://villageofmukwonago.com/public-works/
Muscoda,Wisconsin,https://www.muscoda.com/departments
Muskego,Wisconsin,https://www.cityofmuskego.org/138/Public-Works
Nashotah,Wisconsin,https://www.nashotah-wi.gov/
Neenah,Wisconsin,https://www.cityofharrison.com/213207_2
Neillsville,Wisconsin,https://neillsville-wi.com/public-works/
Nekoosa,Wisconsin,https://cityofnekoosa.org/public-works/
New Berlin,Wisconsin,https://www.newberlin.org/308/Board-of-Public-Works
New Glarus,Wisconsin,https://newglarusvillage.com/government/departments/public-works
New Holstein,Wisconsin,https://www.cityofnewholstein.org/city-departments.html?deptID=14
New Lisbon,Wisconsin,https://cityofnewlisbon.com/utilities/utility-office/
New London,Wisconsin,https://www.newlondonwi.org/departments/public_works.php
New Richmond,Wisconsin,https://www.newrichmondwi.gov/index.asp?SEC=BD593FDF-F732-452C-AACD-44C0AFD3E8F9&Type=B_BASIC
Newburg,Wisconsin,https://village.newburg.wi.us/department-of-public-works/
Niagara,Wisconsin,https://www.cityofniagara.org/contactus.html
North Fond du Lac,Wisconsin,https://www.nfdl.org/utilities.php
North Hudson,Wisconsin,https://www.northhudsonvillage.org/public-works
North Prairie,Wisconsin,http://www.northprairie.net/1766/events/events_view?public=1&eventid=2823233
Oak Creek,Wisconsin,https://www.oakcreekwi.gov/government/departments/public-works
Oakfield,Wisconsin,https://www.villageofoakfield.com/
Oconomowoc,Wisconsin,https://www.oconomowoc-wi.gov/641/Public-Works
Oconto,Wisconsin,https://cityofoconto.com/public-works/
Oconto Falls,Wisconsin,https://cityofocontofalls.com/services/
Omro,Wisconsin,https://www.omro-wi.com/public-works.html
Onalaska,Wisconsin,https://cityofonalaska.com/publicworks
Oostburg,Wisconsin,http://www.oostburg.org/
Oregon,Wisconsin,http://www.vil.oregon.wi.us/?SEC=E7595C53-9B03-4EC9-B617-231A434F9890
Orfordville,Wisconsin,https://www.orfordville.org/
Osceola,Wisconsin,https://www.co.polk.wi.us
Oshkosh,Wisconsin,https://www.ci.oshkosh.wi.us/PublicWorks/#:~:text=Contact%20Us&text=(920)%20236%2D5065%20%7C%20215%20Church%20Ave.
Osseo,Wisconsin,https://www.cityofosseo.us/public-works/
Paddock Lake,Wisconsin,https://paddocklake.net/public-works/
Palmyra,Wisconsin,https://villageofpalmyra.com/public-works-2/
Pardeeville,Wisconsin,https://www.villageofpardeeville.net/public-utilities.html
Park Falls,Wisconsin,https://cityofparkfalls.com/water-utilities-public-works
Peshtigo,Wisconsin,https://ci.peshtigo.wi.us/contacts/
Pewaukee,Wisconsin,http://www.cityofpewaukee.us/
Pewaukee,Wisconsin,https://www.cityofpewaukee.us/206/Public-Works
Phillips,Wisconsin,https://www.cityofphillips.com/directory.html
Platteville,Wisconsin,https://www.platteville.org/publicworks
Pleasant Prairie,Wisconsin,https://pleasantprairiewi.gov/departments/public_works
Plover,Wisconsin,https://www.ploverwi.gov/205/Public-Works-Department
Plymouth,Wisconsin,https://plymouthgov.com/public-works-city-engineer/
Port Edwards,Wisconsin,https://www.wirapids.org/public-works-divisions.html
Port Washington,Wisconsin,https://cityofportwashington.com/publicworks.html
Portage,Wisconsin,https://www.portagewi.gov/public-works/
Poynette,Wisconsin,http://poynette-wi.gov/2176/Public-Works
Prairie du Chien,Wisconsin,http://www.cityofpdc.com/departments/water-department/
Prairie du Sac,Wisconsin,https://www.prairiedusac.net/index.asp?SEC=8210B9CB-96A4-4503-B753-D1F027DA4DB6&Type=B_BASIC
Prescott,Wisconsin,https://www.prescottwi.org/161/Public-Works-Utilities
Princeton,Wisconsin,https://www.cityofprincetonwi.com/index.asp?SEC=CB831BA6-3AF9-418C-913E-55D0FCF85B32&Type=B_BASIC
Pulaski,Wisconsin,https://www.villageofpulaski.org/home/village-services/public-works/
Racine,Wisconsin,https://www.cityofracine.org/PublicWorks/
Randolph,Wisconsin,http://www.randolphwis.com/
Random Lake,Wisconsin,https://www.randomlakewi.com/public-works
Redgranite,Wisconsin,http://www.redgranitewisconsin.com/government.html
Reedsburg,Wisconsin,https://www.middlesexboro-nj.gov/public-works
Reedsville,Wisconsin,https://www.reedsville.org/departments/public-works-department/
Rhinelander,Wisconsin,http://www.rhinelandercityhall.org/index.php?page=Public-Works-Department
Rice Lake,Wisconsin,https://www.ci.rice-lake.wi.us/index.asp?SEC=F358C015-1E01-4EC0-A039-A0E02C846A71&Type=B_BASIC
Richfield,Wisconsin,https://www.richfieldwi.gov/Directory.aspx?did=18
Richland Center,Wisconsin,https://ci.richland-center.wi.us/departments/public-works/
Rio,Wisconsin,https://www.riowi.us/works.html
Ripon,Wisconsin,https://www.cityofripon.com/index.asp?SEC=7D4EC317-20AC-4C53-8D25-5668CC4BC17E&Type=B_BASIC
River Falls,Wisconsin,https://www.rfcity.org/363/Public-Works
River Hills,Wisconsin,https://riverhillswi.com/public-works/
Roberts,Wisconsin,https://www.robertswisconsin.com/public-works-committee/
Rochester,Wisconsin,https://rochesterwi.us/services/
Rosendale,Wisconsin,http://www.villageofrosendale.com/publicworksdepartment.html
Rothschild,Wisconsin,https://www.rothschildwi.com/visitors/public_works_utilities___garbage/index.php
Salem Lakes,Wisconsin,https://www.villageofsalemlakes.org/index.asp?SEC=6611BEC7-5EA4-4842-8AD2-EBA494384511&Type=B_BASIC
Sauk City,Wisconsin,https://www.saukcity.net/index.asp?SEC=3783102F-4CEF-4B0A-ADD2-4DE7F4061D24&Type=B_BASIC
Saukville,Wisconsin,https://www.village.saukville.wi.us/154/Public-Works-Department
Schofield,Wisconsin,http://cityofschofield.org/new/content-sub.php?section_name=public_works&content_name=pages&page_id=18
Seymour,Wisconsin,https://www.cityofseymourwi.org/?SEC=49E07D08-54C8-4CB1-8F48-26C3F45F5375&Type=B_BASIC
Sharon,Wisconsin,https://villageofsharon.com/2020/09/28/public-works-director/
Shawano,Wisconsin,https://www.cityofshawano.com/226/Public-Works
Sheboygan,Wisconsin,https://sheboygandpw.com/contact
Sheboygan Falls,Wisconsin,https://www.cityofsheboyganfalls.com/
Shell Lake,Wisconsin,http://www.shelllake.org/local-government/departments/public-works/
Sherwood,Wisconsin,https://www.villageofsherwood.org/index.asp?SEC=0287DD02-A9CD-4B94-8CD4-848B1F026164
Shorewood,Wisconsin,https://www.villageofshorewood.org/146/Public-Works
Shorewood Hills,Wisconsin,https://www.shorewood-hills.org/dpw
Shullsburg,Wisconsin,https://www.shullsburgwisconsin.org
Slinger,Wisconsin,https://www.vi.slinger.wi.gov/index.asp?SEC=A51D19AB-5DB7-4614-8D3E-CEDE260D7DFD&Type=B_BASIC
Somerset,Wisconsin,https://www.vil.somerset.wi.us/index.asp?SEC={721152E7-6622-4A0C-AB60-43E6EA5CD68D}&Type=B_DIR&persistdesign=none
South Milwaukee,Wisconsin,https://smwi.org/101/Departments
Sparta,Wisconsin,https://www.spartawisconsin.org/departments/public-works/
Spencer,Wisconsin,https://spencerwi.org/
Spooner,Wisconsin,https://www.cityofspooner.org/utilities/
Spring Green,Wisconsin,http://www.vi.springgreen.wi.gov/localgov_departments_details.asp?deptid=327&locid=166
Spring Valley,Wisconsin,http://springvalleywi.com/public-works/
St. Croix Falls,Wisconsin,https://www.cityofstcroixfalls.com/public_works
St. Francis,Wisconsin,https://stfranciswi.org/publicworks
Stanley,Wisconsin,https://stanleywisconsin.us/public-works/
Stevens Point,Wisconsin,https://stevenspoint.com/242/Public-Works
Stoughton,Wisconsin,https://www.stoughtonpublicworks.com/
Stratford,Wisconsin,https://www.stratfordwi.com/public-works
Strum,Wisconsin,http://www.strumwi.com/contact.html
Sturgeon Bay,Wisconsin,https://www.sturgeonbaywi.org/departments/public_works/index.php
Sturtevant,Wisconsin,https://www.middlesexboro-nj.gov/public-works
Suamico,Wisconsin,https://www.suamico.org/departments/public_works_engineering/index.php
Sun Prairie,Wisconsin,https://cityofsunprairie.com/432/Public-Works
Superior,Wisconsin,https://www.ci.superior.wi.us/183/Public-Works
Sussex,Wisconsin,https://www.villagesussex.org/Home/Components/FacilityDirectory/FacilityDirectory/30/293
Theresa,Wisconsin,https://villageoftheresa.com/public-works/
Thiensville,Wisconsin,http://village.thiensville.wi.us/172/Public-Works
Thorp,Wisconsin,http://www.ci.sunnyside.wa.us/148/Public-Works
Tomah,Wisconsin,http://tomahonline.com/index.php/dept/public-works
Tomahawk,Wisconsin,https://www.cityoftomahawkwi.com/index.asp?SEC=46FB9351-BC46-416E-9955-87AAA44D1A6C
Trempealeau,Wisconsin,https://www.trempealeauwi.com/departments/streets/
Turtle Lake,Wisconsin,https://www.turtlelakewi.com/index.asp?SEC=0BC1E3C4-8DC8-45AE-924D-54E1F1AD1C5D&DE=75545001-40AA-4A2D-AC2C-A9078C96D58E
Twin Lakes,Wisconsin,http://www.villageoftwinlakes.net/government/public-works/
Two Rivers,Wisconsin,http://www.two-rivers.org/public-works/works.php
Union Grove,Wisconsin,https://www.uniongrove.net/
Verona,Wisconsin,https://www.ci.verona.wi.us/253/Public-Works
Viroqua,Wisconsin,https://viroqua-wisconsin.com/city-of-viroqua/departments/public-works
Wales,Wisconsin,https://visitwaleswi.org/governmentpublic-safety/
Walworth,Wisconsin,https://villageofwalworth.govoffice2.com/index.asp?SEC=12008D45-F720-4FF5-B2BE-622E3878C4DE
Washburn,Wisconsin,http://www.cityofwashburn.org/public-works--utilities.html
Waterford,Wisconsin,https://waterfordwi.org/159/Public-Works-Utilities
Waterloo,Wisconsin,https://www.waterloowi.us/public-works
Watertown,Wisconsin,https://www.ci.watertown.wi.us/
Waukesha,Wisconsin,https://waukesha-wi.gov/422/Public-Works
Waukesha,Wisconsin,https://waukesha-wi.gov/422/Public-Works
Waunakee,Wisconsin,http://www.vil.waunakee.wi.us/208/Public-WorksStreets
Waupaca,Wisconsin,https://www.cityofwaupaca.org/publicworks/
Waupun,Wisconsin,https://www.cityofwaupun.org/publicworks
Wausau,Wisconsin,https://www.ci.wausau.wi.us/Departments/PublicWorks.aspx
Wautoma,Wisconsin,https://www.co.waushara.wi.us/staffdepartments.aspx
Wauwatosa,Wisconsin,https://www.wauwatosa.net/government/departments/public-works
West Allis,Wisconsin,https://www.westalliswi.gov/238/Public-Works
West Baraboo,Wisconsin,https://villageofwestbaraboo.com/contact-information/
West Bend,Wisconsin,https://www.ci.west-bend.wi.us/
West Milwaukee,Wisconsin,http://www.westmilwaukee.org/departments/dpw/
West Salem,Wisconsin,http://www.westsalemwi.com/village-services/
Westby,Wisconsin,https://www.cityofwestby.org/key-contacts-and-employees
Westfield,Wisconsin,https://www.villageofwestfieldwi.com/index.asp?SEC=5C747E19-0C16-41B5-9B23-8CEEBCEF7380&Type=B_BASIC
Weston,Wisconsin,https://westonwi.gov/
Weyauwega,Wisconsin,http://www.cityofweyauwega-wi.gov/public-works-water-sewer
Whitefish Bay,Wisconsin,https://www.wfbvillage.org/206/Public-Works-Engineering
Whitehall,Wisconsin,https://www.whitehallwi.com/
Whitewater,Wisconsin,https://www.whitewater-wi.gov/222/Public-Works
Whiting,Wisconsin,https://villageofwhiting.org/public-works/
Williams Bay,Wisconsin,https://211wisconsin.communityos.org/211searchprofile/render/id/16671/form/service/record_id/51448
Wind Point,Wisconsin,https://www.countyoffice.org/wind-point-public-works-wind-point-wi-ccd/
Winneconne,Wisconsin,https://www.winneconnewi.gov/2155/Public-Works
Wisconsin Dells,Wisconsin,https://www.citywd.org/index.asp?SEC=AAFA54BE-C45D-4555-B3B1-0C736DD6DFCA&Type=B_BASIC
Wisconsin Rapids,Wisconsin,https://www.wirapids.org/public-works-divisions.html
Wittenberg,Wisconsin,https://villageofwittenberg.com/public-works-utilities/
Woodville,Wisconsin,https://www.facebook.com/VillageOfWoodvilleWI/posts/the-village-of-woodville-public-works-department-will-be-accepting-applications-/2266766656729269/
Wrightstown,Wisconsin,https://wrightstown.us/public-works-utilities/
Afton,Wyoming,https://www.aftonwyoming.gov/government/public_works_department.php
Bar Nunn,Wyoming,https://www.townofbarnunn.com/
Basin,Wyoming,https://www.thetownofbasin.com/utilities.html
Buffalo,Wyoming,https://cityofbuffalowy.com/pview.aspx?id=24185&catid=0
Casper,Wyoming,https://casperwy.gov/government/departments/public_services
Cheyenne,Wyoming,https://www.cheyennecity.org/Your-Government/Departments/Public-Works
Cody,Wyoming,https://www.cityofcody-wy.gov/92/Public-Works
Douglas,Wyoming,https://www.cityofdouglas.org/214/Public-Works-Utilities
Evanston,Wyoming,https://www.evanstonwy.org/125/Public-Works
Evansville,Wyoming,https://evansvillewy.govoffice3.com/index.asp?SEC=B68BF6B1-CF5A-482D-AFCD-61CFC922B955&Type=B_BASIC
Gillette,Wyoming,https://www.middlesexboro-nj.gov/public-works
Glenrock,Wyoming,https://glenrock.org/?SEC=F2C2863C-662F-444E-B80C-933CDF95C6FD
Green River,Wyoming,https://www.cityofgreenriver.org/19/Public-Works
Greybull,Wyoming,https://www.manta.com/c/mtmv0wv/greybull-public-works-department
Guernsey,Wyoming,https://www.townofguernseywy.us/departments/public_works
Jackson,Wyoming,https://www.jacksonwy.gov/171/Public-Works
Kemmerer,Wyoming,https://www.kemmerer.org/
Lander,Wyoming,https://www.landerwyoming.org/departments/public_works_department/index.php
Laramie,Wyoming,https://www.cityoflaramie.org/67/Public-Works
Lovell,Wyoming,https://www.townoflovell.com/index.asp?SEC=A668C8DE-F602-4B56-A819-5D00A92D303E
Lusk,Wyoming,https://www.townoflusk.org/index.asp?SEC=9760F5A9-843A-41D9-9F52-0203EB772E30&Type=B_BASIC
Lyman,Wyoming,https://www.lymanwy.com/index.asp?SEC=FF58775B-0C5D-4E10-A79D-A4B50349399B&Type=B_BASIC
Marbleton,Wyoming,https://www.townofpinedale.us/departments
Mills,Wyoming,https://www.millswy.gov/publicworks
Moorcroft,Wyoming,http://townofmoorcroft.com/publicWorks.aspx
Mountain View,Wyoming,https://www.mtvwy.com/index.asp?SEC=84014AD7-8995-48F8-80DF-D9D8845D0C39&Type=B_DIR
Newcastle,Wyoming,http://www.newcastlewyo.com/business-community/directory/96/city-of-newcastle
Pine Bluffs,Wyoming,https://www.pinebluffswy.gov
Pinedale,Wyoming,https://www.townofpinedale.us/departments
Powell,Wyoming,https://cityofpowell.com/
Rawlins,Wyoming,http://www.rawlins-wyoming.com/130/Public-Works
Riverton,Wyoming,https://www.rivertonwy.gov/departments/public_works/index.php
Rock Springs,Wyoming,https://www.rswy.net/departments/
Saratoga,Wyoming,https://saratoga.govoffice2.com/index.asp?SEC=B4F1CAA0-C97B-4588-ABFA-4EF5F15D03B0&Type=B_BASIC
Sheridan,Wyoming,https://www.sheridanwy.gov/government/public_works
Star Valley Ranchb,Wyoming,https://www.starvalleyranchwy.org/departments/public_works.php
Sundance,Wyoming,http://www.cityofsundancewy.com/public-works.htm
Thermopolis,Wyoming,http://www.townofthermopolis.com/publicworks.aspx
Torrington,Wyoming,https://torringtonwy.gov/101/Departments
Upton,Wyoming,https://www.police1.com/law-enforcement-directory/police-departments/upton-police-department-upton-wy-oMlShTPjWBfTzwCR/
Wheatland,Wyoming,https://www.townofwheatlandwy.org/departments/
Worland,Wyoming,https://www.cityofworland.org/public-works
Wright,Wyoming,https://www.wrightwyoming.com/public_works.aspx